Klaster_Finansowy,Zysk brutto [zł/ha],Efektywność N [kg plonu/kg N],Efektywność P [kg plonu/kg P],Efektywność K [kg plonu/kg K],Koszt N [zł/ha],Koszt P [zł/ha],Koszt K [zł/ha]
0,3443.6343715612948,5.242856200838359,17.516404313066353,10.62373609670291,34.81369644943323,32.227731587665644,22.288850401606425
1,3409.892071773147,6.60709940121626,23.268754486820395,13.916083237659883,29.877226021702295,23.772011977573907,14.739556894243641
2,2867.304938338438,7.950575418145699,27.13007687822061,16.083886570037873,22.624773199456914,16.278077217125382,12.668144578313253
